# name	domains (comma-sep)	exposure	stateful
# exposure: public = published through the Cloudflare tunnel
#           tailnet = DNS-only A record to the host's tailnet IP, never on the tunnel
# The apps themselves are defined in Dokploy; this list is what 60-verify.sh checks.
bgunnarsson-com	bgunnarsson.com,www.bgunnarsson.com	public	no
bincms	bincms.dev,www.bincms.dev	public	no
binman	binman.is,www.binman.is	public	no
binsby	binsby.com,www.binsby.com	public	no
binvim	binvim.dev,www.binvim.dev	public	no
binbox	galdur.dev,www.galdur.dev	public	yes
penpot	design.bgunnarsson.dev	tailnet	yes
